Abbas,Male
Abda,Male
Abdul,Male
Abia,Female
Abid,Male
Abida,Female
Abir,Female
Adiba,Female
Adil,Male
Adila,Female
Adiva,Female
Adnan,Male
Adra,Female
Afaf,Female
Afif,Male
Afra,Female
Afraima,Female
Ahlam,Female
Ahmed,Male
Ahsan,Male
Aida,Female
Ain,Female
Aisha,Female
Akbar,Male
Akilah,Female
Akmal,Male
Ala,Male
Aladdin,Male
Alaia,Female
Alea,Female
Alem,Male
Alhena,Female
Ali,Male
Alima,Female
Alimet,Female
Aliya,Female
Almera,Female
Almira,Female
Altair,Male/Female
Alzena,Female
Alzubra,Female
Amal,Female
Amani,Female
Amin,Male
Amina,Female
Amir,Male
Amira,Female
Amjad,Male
Ammar,Male
Anisah,Female
Anwar,Male/Female
Ara,Female
Arub,Female
Arwa,Female
Asad,Male
Asadel,Male
Ashraf,Male
Asim,Male
Asima,Female
Asma,Female
Aswad,Male
Atiah,Male
Atif,Male
Atifa,Female
Atiya,Female
Ayasha,Female
Ayda,Female
Aza,Female
Azad,Male
Azhar,Female
Azim,Male
Aziza,Female
Azize,Female
Azizi,Male
Azusena,Female
Azza,Female
Bab,Female
Badar,Male
Badr,Male
Badr Aldin,Male
Badriyyah,Female
Baha,Male
Bahija,Female
Bahir,Male
Bahira,Female
Bahjat,Male
Bakr,Male
Bariah,Female
Barika,Female
Bashiyra,Female
Basim,Male
Basima,Female
Bathshira,Female
Bibi,Female
Bilal,Male
Borak,Male
Buthnaya,Female
Cadi,Male
Cala,Female
Cantara,Female
Cemal,Male
Charde,Female
Coman,Male
Dalal,Female
Dawud,Male
Dayana,Female
Dekel,Male
Dima,Female
Diya,Male
Diya Aldin,Male
Dua,Female
Duha,Female
Fadi,Male
Fadil,Male
Fadila,Female
Fadl,Male
Fahd,Male
Faida,Female
Faida,Female
Faisal,Male
Fakhr,Male
Fakih,Male
Falzah,Female
Faraj,Male
Fardoos,Female
Farid,Male
Farida,Female
Fariha,Female
Faris,Male
Farouk,Male
Fathi,Male
Fathiya,Female
Fatima,Female
Fatin,Female
Fawz,Male
Fayiz,Male
Fayruz,Female
Fayza,Female
Fidda,Female
Fikri,Male
Fikriya,Female
Fuad,Male
Fukayna,Female
Gadi,Male
Gadiel,Male
Gamal,Male
Genna,Female
Ghada,Female
Ghadir,Female
Ghalib,Male
Ghaliya,Female
Ghassan,Male
Ghayth,Male
Ghufran,Female
Gilad,Male
Gulzar,Male
Habib,Male
Habiba,Female
Hadad,Male
Hadi,Male
Hadil,Female
Hadya,Female
Hafiz,Male
Hafsah,Female
Haidar,Male
Hajar,Female
Hakim,Male
Hala,Female
Halil,Male
Halim,Male
Halimah,Female
Hamadi,Male
Hamal,Male
Hamid,Male
Hamida,Female
Hamza,Male
Hanan,Female
Hani,Male
Hanifa,Female
Haniyya,Female
Haqikah,Female
Harath,Male
Harb,Male
Harith,Male
Haroun,Male
Hasad,Male
Hasanati,Female
Hashim,Male
Hashim,Male
Hasim,Male
Hasna,Female
Hassan,Male
Hathshira,Female
Hatim,Male
Hayat,Female
Hayfa,Female
Hiba,Female
Hibah,Male
Hikmat,Male
Hisham,Male
Huda,Female
Humayd,Male
Hurriyyah,Female
Husni,Male
Husniya,Female
Hussain,Male
Ibtihaj,Female
Ibtisam,Female
Ihab,Male
Ihsan,Male
Ihsana,Female
Imad,Male
Iman,Female
Imin,Female
Imran,Male
Inam,Female
Inas,Female
Isam,Male
Ishaq,Male
Iskandar,Male
Ismah,Male
Ismail,Male
Ismat,Male
Isra,Female
Itidal,Female
Izdihar,Female
Izz Aldin,Male
Jabir,Male
Jala,Female
Jalila,Female
Jamal,Male
Jamelia,Female
Jamila,Female
Janan,Female
Jathibiyya,Female
Jawahir,Female
Jawdat,Male
Jawhar,Male
Jena,Female
Jessenia,Female
Jibri,Male
Jinan,Male
Jumana,Female
Kabil,Male
Kadar,Male
Kadin,Male
Kadir,Male
Kalil,Male
Kalila,Female
Kaliq,Male
Kalthum,Female
Kamal,Male
Kamila,Female
Kardal,Male
Kareem,Male
Karida,Female
Karim,Male
Karimah,Female
Kateb,Male
Kedar,Male
Ketifa,Female
Khadija,Female
Khadqah,Female
Khaldun,Male
Khalid,Male
Khalida,Female
Khalila,Female
Khanh,Male
Khayrat,Male
Kilab,Male
Kohinoor,Female
Laila,Female
Lamya,Female
Latavia,Female
Lateef,Male
Lawahiz,Female
Leila,Female
Lila,Female
Lilith,Female
Lina,Female
Lujayn,Female
Madia,Female
Maha,Female
Mahasitn,Female
Maimun,Male
Maiza,Female
Majidah,Female
Makram,Male
Malak,Female
Malik,Male
Mamduh,Male
Mamun,Male
Manal,Male
Manar,Male
Mansur,Male
Marid,Male
Marwa,Female
Marwan,Male
Marymat,Female
Masud,Male
Mawiyah,Female
Maysa,Female
Mazin,Male
Mohammed,Male
Mouna,Female
Mousa,Male
Mubarak,Male
Muhannad,Male
Muhayya,Female
Muhsin,Male
Mukhtar,Male
Muminah,Female
Muna,Female
Munim,Male
Munir,Male
Musad,Male
Muslimah,Female
Mustapha,Male
Mutasim,Male
Mutazz,Male
Mylsha,Female
Nabiha,Female
Nabil,Male
Nabila,Female
Nada,Female
Nadida,Female
Nadira,Female
Naeemah,Female
Nahla,Female
Nailah,Female
Naim,Male
Naj,Male
Najat,Female
Najib,Male
Najiba,Female
Najla,Female
Najwa,Female
Namil,Male
Namir,Male
Nasr,Male
Nasrin,Female
Nasser,Male
Nathitfa,Female
Nawal,Female
Nazihah,Female
Nazira,Female
Nepa,Female
Nibal,Female
Nihal,Female
Nizar,Male
Nlmah,Female
Noura,Female
Ntmatuallah,Female
Nudar,Female
Nuha,Female
Numa,Male
Numair,Male
Nur,Female
Nur,Female
Nur Aldin,Male
Nuri,Male
Nusair,Male
Oma,Female
Omar,Male
Qabil,Male
Qadim,Male
Qadir,Male
Qamar,Male
Qasim,Male
Qubilah,Female
Qusay,Male
Rabab,Female
Rabi,Male/Female
Rabiah,Female
Rad,Male
Radwan,Male
Rafa,Female
Rafat,Male
Rafi,Male
Raghid,Male
Raghida,Female
Rahman,Male
Raidah,Female
Raja,Female
Rajab,Male
Ramadan,Male
Rami,Male
Randa,Female
Rasha,Female
Rasheda,Female
Rashid,Male
Rashida,Female
Rauf,Male
Rawiya,Female
Rayhan,Male
Rayya,Female
Reyham,Male
Rida,Male
Rigel,Male
Rihana,Female
Rima,Female
Riyad,Male
Rukan,Female
Ruqayya,Female
Ruwaydah,Female
Saba,Female
Sabir,Male
Sabira,Female
Safa,Male/Female
Safwat,Male
Sahar,Female
Said,Male
Saidah,Female
Sakhr,Male
Salah,Male
Salha,Female
Salih,Male
Salihah,Female
Salim,Male
Salimah,Female
Salwa,Female
Samar,Female
Sameh,Female
Samia,Female
Samih,Male
Samir,Male
Samman,Male
Samya,Female
Sana,Female
Sarab,Female
Sawsan,Female
Sayyid,Male
Seif,Male
Sema,Female
Shadi,Male
Shadya,Female
Shafiq,Male
Shafiqa,Female
Shahar,Female
Shahira,Female
Shakir,Male
Shamim,Male
Shammara,Female
Sharif,Male
Sharifa,Female
Shatara,Female
Shatha,Female
Sheherazade,Female
Sherika,Female
Shukriya,Female
Siham,Female
Siraj,Male
Sofian,Male
Suhad,Female
Suhailah,Female
Suhayl,Male
Sulaiman,Male
Syreeta,Female
Tabib,Male
Tabina,Female
Taghrid,Female
Tahir,Male
Tahira,Female
Tahiyya,Female
Takia,Female
Talib,Male
Taliba,Female
Taqiyya,Female
Tarub,Female
Tawfiq,Male
Tawl,Male
Thana,Female
Thurayya,Female
Timin,Male
Ubadah,Male
Ulima,Female
Um-Kalthum,Female
Umar,Male
Umayma,Female
Umm,Female
Umniya,Female
Usamah,Male
Vega,Female
Wafa,Female
Wahib,Male
Waja,Female
Wajih,Male
Walid,Male
Walida,Female
Wasim,Male
Wattan,Female
Widad,Female
Widad,Female
Yahya,Male
Yaqub,Male
Yardan,Male
Yasir,Male
Yesenia,Female
Yiesha,Female
Yunis,Male
Yushua,Male
Yusra,Female
Zada,Female
Zafina,Female
Zafir,Male
Zafira,Female
Zahid,Male
Zahir,Male
Zahira,Female
Zahra,Female
Zahur,Male
Zaid,Male
Zaida,Female
Zaim,Male
Zaira,Female
Zakariyya,Male
Zaki,Male
Zarifa,Female
Zero,Male
Zimraan,Male
Zubaida,Female
Zuhayr,Male
Zuleika,Female
