Ah Kum,Female
Ah Lam,Female
Bao,Male
Bao-Yo,Female
Bo,Male/Female
Chang,Male
Chaoxing,Female
Chen,Male
Cheng-Gong,Male
Chin-Sung,Female
Chu-Hua,Female
Chun,Female
Cong,Male
Dao-Ming,Female
De,Male
Deshi,Male
Dewei,Male
Dingbang,Male
Dishi,Male
Enlai,Male
Fa,Male
Fang,Male
Fang Hua,Female
Feng,Female
Gan,Male
Hao,Male
He-ping,Male
Ho,Male
Howin,Male
Hu,Male
Hua,Female
Huang,Male
Huang-fu,Male
Hui-Fang,Female
Ji,Male
Jiao-Long,Male
Jie,Male
Jin,Male
Jing,Male
Jing-Quo,Male
Jing-Sheng,Male
Jo-Long,Male
Jun,Female
Jun,Male
Kang,Male
Kong,Male
Kuai Hua,Female
Kun,Male
Lei,Male
Li,Male
Li Hua,Female
Li-Liang,Male
Lian,Female
Liang,Male
Lien,Female
Like,Male
Liko,Male
Lin,Male/Female
Ling,Female
Manchu,Male
Mani,Female
Mei-Hwa,Female
Mei-Lin,Female
Mei-Xing,Female
Mei-Zhen,Female
Min,Female
Ming,Female
Ming-Hoa,Male
Mo Lan,Female
Mu Lan,Female
Mu Tan,Female
Piao,Male
Qing-nan,Male
Quon,Male
Shaiming,Male
Shen,Male
Sheng,Male
Sheng-li,Male
Shilin,Male
Shing,Male
Shu,Female
Uang,Male
Ushi,Female
Wei-Quo,Male
Xi-Wang,Male
Xiang,Female
Xiao-Niao,Female
Xiao-Xing,Female
Xiaoping,Male
Xin,Female
Xing-Fu,Male
Ye,Male
Yin,Female
Yo,Male
Yong,Male
Yu,Female
Yuan,Male
Yul,Male
Zan,Female
Zhen,Female
Zho,Female
Zhong,Male
Zhu,Male
Zhuang,Male
Zhuo,Female
