Alzbeta,Female
Andela,Female
Andula,Female
Anesh,Female
Arnost,Male
Bedrich,Male
Bedriska,Female
Bela,Male
Benes,Male
Beta,Female
Blazej,Male
Bohdan,Male
Bohumil,Male
Bohumir,Male
Bohuslav,Male
Bojan,Male
Boleslav,Male
Borivoj,Male
Bozidar,Male
Bozidara,Female
Bratislav,Male
Brencis,Male
Bretislav,Male
Brona,Female
Bronislava,Female
Budislav,Male
Celestin,Male
Ceslav,Male
Ctibor,Male
Dabora,Female
Dita,Female
Dobrila,Female
Dobromila,Female
Dobromira,Female
Drahomira,Female
Dumin,Male
Durko,Male
Dusan,Male
Dusana,Female
Fiala,Female
Fiala,Female
Gituska,Female
Havel,Male
Hedvika,Female
Holic,Male
Honza,Male
Jachym,Male
Jarka,Female
Jarmila,Female
Jaromir,Male
Jaroslava,Female
Jenda,Male
Jindrich,Male
Jindriska,Female
Jirina,Female
Kliment,Male
Kornel,Male
Kovar,Male
Kveta,Female
Lenka,Female
Lubornir,Male
Lubornira,Female
Ludomir,Male
Ludoslav,Male
Ludvik,Male
Marek,Male
Matej,Male
Mecislav,Male
Milada,Female
Miloslav,Male
Miloslava,Female
Mina,Female
Morela,Female
Nadezda,Female
Oldrich,Male
Oldriska,Female
Ota,Male
Premsyl,Male
Pribislav,Male
Pribislava,Female
Radinka,Female
Radoslava,Female
Rehor,Male
Rostislav,Male
Rostislava,Female
Rusalka,Female
Ryba,Female
Sobeslav,Male
Sobeslava,Female
Stanislava,Female
Svetlana,Female
Techomir,Male
Trava,Female
Veleslav,Male
Veleslava,Female
Vladimira,Female
Vladislava,Female
Vondra,Female
Vorsila,Female
Zbyhneva,Female
Zdeslava,Female
Zelenka,Female
Zitomira,Female
Zivanka,Female
Zlata,Female
Zlatan,Male
Zuzana,Female
