Ackerley,Male
Acton,Male
Ada,Female
Addison,Male
Adney,Male
Adria,Female
Afton,Male/Female
Aiken,Male
Ailith,Female
Albert,Male
Alberta,Female
Alcott,Male
Alden,Male
Alder,Male
Aldora,Female
Aldred,Male
Aldrich,Male
Aldwin,Male
Aley,Female
Alford,Male
Alfred,Male
Alfreda,Female
Alger,Male
Allard,Male
Almena,Female
Alston,Male
Alton,Male
Alura,Female
Alvar,Male
Alvar,Male/Female
Alverdine,Female
Alvin,Male
Alvina,Female
Anscom,Male
Ansley,Male
Ardley,Male
Ardolph,Male
Arledge,Male
Arley,Male
Armstrong,Male
Arundel,Male
Ascot,Male
Ashby,Male
Ashford,Male
Ashley,Male/Female
Ashton,Male
Aston,Male
Aswin,Male
Athelstan,Male
Atherton,Male
Atley,Male
Atwater,Male
Atwell,Male
Atwood,Male
Atworth,Male
Auden,Male
Audley,Male
Audrey,Female
Austin,Male
Averil,Female
Averill,Male
Avery,Male/Female
Axton,Male
Ayers,Male
Aylmer,Male
Aylward,Male
Baden,Male
Bailey,Male/Female
Balder,Male
Bancroft,Male
Barclay,Male
Bardolf,Male
Bardrick,Male
Barker,Male
Barlow,Male
Barnes,Male
Barnett,Male
Barnum,Male
Baron,Male
Barr,Male
Barric,Male
Barton,Male
Bartram,Male
Bassett,Male
Baul,Male
Bavol,Male
Baxter,Male
Bayard,Male
Beacher,Male
Beaman,Male
Beamer,Male
Beck,Male
Beda,Female
Bede,Male
Belden,Male
Benson,Male
Bentley,Male/Female
Benton,Male
Berengaria,Female
Beresford,Male
Berkeley,Male
Bernia,Female
Bert,Male
Berton,Male
Bertrade,Female
Berwyn,Male
Beval,Male
Beverly,Male/Female
Bickford,Male
Billie,Female
Birch,Male
Birdie,Female
Birkett,Male
Birkey,Male
Birley,Male
Birney,Male
Birtle,Male
Bishop,Male
Black,Male
Blackburn,Male
Blagden,Male
Blake,Male/Female
Blakely,Male
Blanford,Male
Blessing,Female
Bliss,Male/Female
Blossom,Female
Blythe,Male/Female
Bond,Male
Borden,Male
Bosworth,Male
Botolf,Male
Bourne,Male
Brad,Male
Bradburn,Male
Braden,Male
Bradford,Male
Bradley,Male/Female
Bradshaw,Male
Brady,Male
Brainard,Male
Bramwell,Male
Brand,Male
Brandon,Male
Brant,Male
Brawley,Male
Braxton,Male
Brent,Male
Brewster,Male
Brice,Female
Bridgely,Male
Bridger,Male
Brigham,Male
Brinley,Male
Brock,Male
Brockley,Male
Bromley,Male
Bronson,Male
Brook,Male
Brooke,Female
Broughton,Male
Brown,Male
Buck,Male
Buckley,Male
Bundy,Male
Burbank,Male
Burch,Male
Burchard,Male
Burdon,Male
Burford,Male
Burgess,Male
Burleigh,Male
Burne,Male
Burnet,Male
Burney,Male
Burton,Male
Byford,Male
Byram,Male
Byrd,Male
Byron,Male
Cable,Male
Cadby,Male
Cady,Female
Calder,Male
Caldwell,Male
Calvert,Male
Carleton,Male
Carlisle,Male
Carnell,Male
Carroll,Male
Carson,Male
Carswell,Male
Carter,Male
Carver,Male
Cary,Male
Cedric,Male
Chad,Male
Chadwick,Male
Chance,Male
Chancellor,Male
Chapman,Male
Charlton,Male
Chatham,Male
Chauncey,Male
Chelsea,Male/Female
Chetwin,Male
Chilton,Male
Churchill,Male
Claresta,Female
Clay,Male
Claybourne,Male
Clayton,Male
Cleva,Female
Cleveland,Male
Cliff,Male
Clifford,Male
Clifton,Male
Climena,Female
Clinton,Male
Clive,Male
Clover,Female
Cody,Male/Female
Colbert,Male
Colby,Male
Coleman,Male
Colley,Male
Collier,Male
Colter,Male
Colton,Male
Cooper,Male
Corliss,Male/Female
Cornwallis,Male
Corwin,Male
Coryell,Male
Courtland,Male
Courtney,Female
Covell,Male
Crandall,Male
Cranley,Male
Cranston,Male
Crawford,Male
Creighton,Male
Cresswell,Male
Crofton,Male
Cromwell,Male
Crosley,Male
Crowther,Male
Culver,Male
Cuthbert,Male
Cutler,Male
Cynric,Male
Dagwood,Male
Daisy,Female
Dalbert,Male
Dale,Male/Female
Dalton,Male
Dana,Female
Daralis,Female
Darby,Male
Darlene,Female
Darton,Male
Darwin,Male
Davis,Male
Dawn,Female
Dawson,Male
Day,Female
Deacon,Male
Dean,Male
Deanna,Female
Dearborn,Male
Dedrick,Male
Deems,Male
Delbert,Male
Delman,Male
Delmelza,Female
Delton,Male
Delwin,Male
Dempster,Male
Denham,Male
Denley,Male
Denman,Male
Dennison,Male
Denton,Male
Denver,Male
Denzil,Male
Derica,Female
Derward,Male
Deverell,Male
Devon,Male/Female
Dextra,Female
Diamond,Male
Dixon,Male
Doane,Male
Drake,Male
Dryden,Male
Dudley,Male
Dunley,Male
Dunstan,Male
Dunton,Male
Durward,Male
Dyer,Male
Dyson,Male
Earl,Male
Earlene,Female
Eartha,Female
Easton,Male
Eaton,Male
Ebba,Female
Eda,Female
Edbert,Male
Edgar,Male
Edina,Female
Edison,Male
Edith,Female
Edlyn,Female
Edmonda,Female
Edmund,Male
Edrea,Female
Edric,Male
Edris,Female
Edsel,Male
Edward,Male
Edwardine,Female
Edwin,Male
Edwina,Female
Egbert,Male
Egberta,Female
Egerton,Male
Elberta,Female
Elden,Male
Elder,Male
Eldon,Male
Eldred,Male
Eldrida,Female
Elford,Male
Elfrida,Female
Elgin,Male
Ella,Female
Ellery,Male
Ellison,Male
Ellsworth,Male
Elmer,Male
Elmore,Male
Elsdon,Male
Elston,Male
Elsworth,Male
Elton,Male
Elvin,Male
Elvina,Female
Elwell,Male
Elwood,Male
Ely,Male
Emera,Female
Emmett,Male
Erland,Male
Erland,Male
Erling,Male
Ernest,Male
Ernestine,Female
Erwina,Female
Esmond,Male
Ethel,Female
Ethelbert,Male
Ethelwin,Male
Everard,Male
Everley,Male
Everton,Male
Ewald,Male
Ewert,Male
Ewing,Male
Faine,Male
Fairfax,Male
Faith,Female
Falkner,Male
Fane,Male
Farley,Male
Farnell,Male
Farnham,Male
Farnley,Male
Farold,Male
Farr,Male
Farrah,Female
Felton,Male
Fenton,Male
Fern,Female
Fernley,Male/Female
Fielding,Male
Filbert,Male
Filmore,Male
Fisk,Male
Fitch,Male
Fleming,Male
Fleta,Female
Fletcher,Male
Flint,Male
Ford,Male
Foster,Male
Fowler,Male
Franklin,Male
Frayne,Male
Frazer,Male
Freeman,Male
Frewin,Male
Frey,Male
Frick,Male
Fridolf,Male
Fuller,Male
Fulton,Male
Galton,Male
Gardner,Male
Garfield,Male
Garland,Male/Female
Garman,Male
Garner,Male
Garnet,Female
Garnett,Male
Garrick,Male
Garroway,Male
Garson,Male
Garton,Male
Garvin,Male
Garwood,Male
Gary,Male
Geary,Male
Genty,Male
Gerard,Male
Gibson,Male
Gifford,Male
Gig,Male
Gilda,Female
Gilmer,Male
Gilsey,Female
Gladwin,Male
Gleda,Female
Godiva,Female
Godwin,Male
Golda,Female
Golding,Male
Goldwin,Male
Gomer,Male
Gordon,Male
Gore,Male
Graham,Male
Grantland,Male
Gray,Male
Grayson,Male
Greeley,Male
Greenwood,Male
Gresham,Male
Grimshaw,Male
Grover,Male
Guda,Female
Guildford,Male
Gypsy,Female
Gytha,Female
Hadden,Male
Hadley,Male
Hadwin,Male
Hagley,Male
Haig,Male
Halbert,Male
Hale,Male
Haley,Male
Halford,Male
Hall,Male
Hallam,Male
Halley,Male
Halliwell,Male
Hallward,Male
Halsey,Male
Halstead,Male
Halton,Male
Hamill,Male
Hamilton,Male
Hanford,Male
Hanley,Male
Harden,Male
Harding,Male
Hardwin,Male
Harford,Male
Hargrove,Male
Harlan,Male
Harley,Male/Female
Harlow,Male
Harper,Male/Female
Harrison,Male
Hart,Male
Hartford,Male
Hartley,Male
Hartwell,Male
Harwood,Male
Haslett,Male
Hastings,Male
Haven,Male/Female
Hawley,Male
Hawthorne,Male
Hayden,Male
Hayes,Male
Hayley,Female
Hayward,Male
Haywood,Male
Hazel,Female
Heath,Male
Heathcliff,Male
Heather,Female
Heaton,Male
Hedley,Male
Henderson,Male
Henley,Male
Hertha,Female
Hewitt,Male
Hewlett,Male
Hewson,Male
Hilton,Male
Hobson,Male
Hodgson,Male
Holbrook,Male
Holcomb,Male
Holden,Male
Hollis,Male/Female
Holly,Female
Holmes,Male
Holt,Male
Honey,Female
Hope,Female
Horton,Male
Houghton,Male
Houston,Male
Howard,Male
Howland,Male
Hudson,Male
Hunter,Male/Female
Huntington,Male
Huntley,Male
Hurlbert,Male
Hurst,Male
Hutton,Male
Huxford,Male
Huxley,Male
Hyatt,Male
Hyde,Male
Ida,Female
Inar,Male
Ingram,Male
Iram,Male
Irvette,Female
Irving,Male
Irwin,Male
Isham,Male
Ivy,Female
Jackson,Male
Jameson,Male
Jefferson,Male
Jerica,Female
Jex,Male
Jocelyn,Female
Johnson,Male
Kal,Female
Keane,Male
Keaton,Male
Keita,Female
Kelday,Female
Kellen,Male
Kelsey,Male/Female
Kelton,Male
Kelvin,Male
Kemp,Male
Kempton,Male
Kendall,Male
Kendra,Female
Kendrick,Male
Kenelm,Male
Kenley,Male
Kennard,Male
Kent,Male
Kenton,Male
Kenward,Male
Kenway,Male
Kes,Male
Kidd,Male
Kimball,Male
Kimberly,Female
King,Male
Kingman,Male
Kingsley,Male
Kingston,Male
Kingswell,Male
Kip,Male
Kirby,Male
Kirkley,Male
Kirkwell,Male
Kirkwood,Male
Knox,Male
Ladd,Male
Lander,Male
Landon,Male
Lane,Male/Female
Langdon,Male
Langford,Male
Langley,Male
Langston,Male
Langward,Male
Langworth,Male
Lansing,Male
Lark,Female
Lassie,Female
Lathrop,Male
Latimer,Male
Lawford,Male
Lawson,Male
Lawton,Male
Lee,Male/Female
Leighton,Male
Leland,Male
Leoma,Female
Lester,Male
Leverton,Male
Lewin,Male
Liberty,Female
Lilac,Female
Lincoln,Male
Lindell,Male
Lindley,Male
Lindsay,Male/Female
Linford,Male
Linley,Male
Linton,Male
Lister,Male
Litton,Male
Livingston,Male
Locke,Male
Lodema,Female
Lomas,Male
Love,Female
Ludlow,Male
Luella,Female
Luvena,Female
Lyman,Male
Lyndon,Male
Madison,Male/Female
Maida,Female
Malin,Male
Manfred,Male
Manley,Male
Manning,Male
Mansel,Male
Mansfield,Male
Manton,Male
Marden,Male
Marigold,Female
Markham,Male
Marland,Male
Marley,Male
Marlow,Male
Marsden,Male
Marsh,Male
Marston,Male
Marvin,Male
Marwood,Male
Mather,Male
Maxwell,Male
Mayfield,Male
Maynard,Male
Mead,Male/Female
Medora,Female
Melbourne,Male
Meldon,Male
Meldrick,Male
Melville,Male
Mercer,Male
Mercia,Female
Mercy,Female
Merlin,Male
Merritt,Male
Merry,Female
Mertice,Female
Merton,Male
Mildred,Female
Milford,Male
Millard,Male
Miller,Male
Mills,Male
Milton,Male
Misty,Female
Mitchell,Male
Modred,Male
Montgomery,Male
Moore,Male
Moreland,Male
Morley,Male
Morse,Male
Morton,Male
Myers,Male
Nara,Female
Nayland,Male
Nelda,Female
Nellwyn,Female
Nelson,Male
Nesbit,Male
Newell,Male
Newland,Male
Newman,Male
Newton,Male
Nixon,Male
Norman,Male
Northcliff,Male
Northrup,Male
Norton,Male
Norvin,Male
Norward,Male
Norwell,Male
Norwood,Male
Oakes,Male
Oakley,Male
Odele,Female
Odell,Male
Ogden,Male
Oleda,Female
Onslow,Male
Ora,Female
Orford,Male
Ormond,Male
Orrick,Male
Orton,Male
Orva,Female
Orval,Male
Orvin,Male
Osbert,Male
Osborn,Male
Osgood,Male
Osmar,Male
Osmond,Male
Osred,Male
Osric,Male
Oswald,Male
Oswin,Male
Osyth,Female
Otis,Male
Ouida,Female
Oxford,Male
Padget,Male
Palmer,Male
Paris,Male/Female
Parker,Male
Parkin,Male
Parr,Male
Patton,Male
Peace,Female
Pelham,Male
Pell,Male
Penley,Male
Penn,Male
Perkin,Male
Peyton,Male
Phelps,Male
Philberta,Female
Pickford,Male
Piper,Female
Piran,Male
Pitney,Male
Pitt,Male
Pleasance,Female
Pollard,Male
Powell,Male
Prentice,Male
Prescott,Male
Presley,Male
Preston,Male
Primrose,Female
Purity,Female
Purvis,Male
Quirin,Male
Rad,Male
Radbert,Male
Radburn,Male
Radcliff,Male
Radella,Female
Radford,Male
Radley,Male
Radnor,Male
Raleigh,Male
Ralph,Male
Ralphine,Female
Ralston,Male
Ramsay,Male
Ramsden,Male
Rand,Male
Randall,Male
Randolph,Male
Rankin,Male
Ransford,Male
Ransley,Male
Ransom,Male
Rawdon,Male
Rayburn,Male
Read,Male
Reading,Male
Redford,Male
Redley,Male
Redman,Male
Reed,Male
Reeve,Male
Reginald,Male
Remington,Male
Renfred,Male
Renshaw,Male
Renton,Male
Rexford,Male
Rickward,Male
Rider,Male
Ridge,Male
Ridgeway,Male
Ridgley,Male
Ridley,Male
Ring,Male
Ripley,Male
Risley,Male
Riston,Male
Robert,Male
Roberta,Female
Robin,Male/Female
Robinson,Male
Rochester,Male
Rockley,Male
Rockwell,Male
Rodney,Male
Roe,Male
Ronald,Male
Ronni,Female
Ronson,Male
Roper,Male
Rosanna,Female
Roswell,Male
Rover,Male
Rowan,Male
Rowell,Male
Rowley,Male
Roxbury,Male
Royce,Male
Royden,Male
Royston,Male
Rudd,Male
Rudyard,Male
Ruford,Male
Rugby,Male
Rumford,Male
Rush,Male
Rushford,Male
Rutherford,Male
Rutley,Male
Rycroft,Male
Ryland,Male
Sadler,Male
Safford,Male
Sagar,Male
Salton,Male
Sanborn,Male
Sanders,Male
Sanditon,Male
Sanford,Male
Saxon,Male
Saxona,Female
Scarlett,Female
Scott,Male
Seabrook,Male
Searle,Male
Searle,Male
Seaton,Male
Sedgley,Male
Sedgwick,Male
Seeley,Male
Sefton,Male
Segel,Male
Seger,Male
Selby,Male
Seldon,Male
Selwyn,Male
Severn,Male
Seward,Male
Sewell,Male
Sexton,Male
Shandy,Male
Shaw,Male
Sheffield,Male
Shelby,Male/Female
Sheldon,Male
Shelley,Male/Female
Shelton,Male
Shepherd,Male
Shepley,Male
Sherborn,Male
Sherlock,Male
Sherman,Male
Sherwin,Male
Sherwood,Male
Shipton,Male
Shirley,Female
Sidney,Male
Sidwell,Male
Sigourney,Female
Slade,Male
Smedley,Male
Smith,Male
Snowden,Male
Snowdrop,Female
Somerset,Male
Somerton,Male
Spalding,Male
Spencer,Male
Spring,Female
Squire,Male
St. John,Male
Stafford,Male
Stanborough,Male
Stanbury,Male
Stancliff,Male
Standish,Male
Stanfield,Male
Stanford,Male
Stanley,Male
Stanmore,Male
Stanton,Male
Stanway,Male
Stanwick,Male
Stanwood,Male
Star,Female
Starr,Male
Steadman,Male
Steel,Male
Sterling,Male
Sterne,Male
Stewart,Male
Stillman,Male
Stockard,Female
Stockley,Male
Stockton,Male
Stockwell,Male
Stoddard,Male
Storm,Male/Female
Stratford,Male
Styles,Male
Suffield,Male
Sully,Male
Summer,Female
Sunny,Female
Sutcliff,Male
Sutton,Male
Swinburne,Male
Swinford,Male
Swinton,Male
Tahnee,Female
Talbot,Male
Tallis,Female
Tangerine,Female
Tanner,Male
Tanton,Male
Tarleton,Male
Tate,Male/Female
Tawnie,Female
Taylor,Male/Female
Teagan,Female
Tedmund,Male
Templeton,Male
Tennant,Male
Tennyson,Male
Thane,Male
Thatcher,Male
Thorley,Male
Thormond,Male
Thorndike,Male
Thorne,Male
Thornley,Male
Thornton,Male
Thorpe,Male
Thurlow,Male
Tilden,Male
Tilford,Male
Tilton,Male
Tomlin,Male
Topsy,Female
Torr,Male
Townley,Male
Trayton,Male
Trey,Male
Trowbridge,Male
Truman,Male
Trumble,Male
Tucker,Male
Tuesday,Female
Turner,Male
Twain,Male
Twyford,Male
Tyler,Male/Female
Udele,Female
Udell,Male
Udolf,Male
Ulmer,Male
Unity,Female
Unwin,Male
Upton,Male
Upwood,Male
Vail,Male
Vance,Male
Vannevar,Male
Velvet,Female
Vine,Male
Vinson,Male
Wade,Male
Wadley,Male
Wadsworth,Male
Wainwright,Male
Waite,Male
Wakefield,Male
Wakeley,Male
Walcott,Male
Walden,Male
Walford,Male
Walker,Male/Female
Wallace,Male
Waller,Male
Wallis,Female
Walton,Male
Walworth,Male
Walwyn,Male
Wanetta,Female
Warburton,Male
Ward,Male
Wardell,Male
Wardley,Male
Ware,Male
Warfield,Male
Warford,Male
Warren,Male
Warwick,Male
Washburn,Male
Washington,Male
Watson,Male
Waverly,Male
Wayland,Male
Wayne,Male
Webb,Male
Webley,Male
Welbourne,Male
Weldon,Male
Welford,Male
Wellington,Male
Wells,Male
Welton,Male
Wentworth,Male
Wesley,Male
Westbrook,Male
Westby,Male
Westcott,Male
Weston,Male
Wetherby,Male
Wetherell,Male
Wetherly,Male
Wharton,Male
Wheatley,Male
Wheaton,Male
Wheeler,Male
Whistler,Male
Whitby,Male
Whitcomb,Male
Whitelaw,Male
Whitfield,Male
Whitford,Male
Whitley,Male
Whitlock,Male
Whitman,Male
Whitmore,Male
Whitney,Male/Female
Whittaker,Male
Wickham,Male
Wilda,Female
Wiley,Male
Wilford,Male
Wilfred,Male
Wilfreda,Female
Wilkinson,Male
Willoughby,Male
Wilona,Female
Wilson,Male
Wilton,Male
Windsor,Male
Winfield,Male
Wingate,Male
Winslow,Male
Winston,Male
Winter,Female
Winthrop,Male
Winton,Male
Wolcott,Male
Wolfe,Male
Woodrow,Male
Woodward,Male
Worth,Male
Wren,Female
Wright,Male
Wycliff,Male
Wylie,Male
Wyndham,Male
Yale,Male
Yardley,Male
Yates,Male
Yedda,Female
Yeoman,Male
Yetta,Female
York,Male
Yule,Male
Zerren,Female
Zina,Female
Lucas,Male
Ocean,Female
Precious,Female
Princess,Female
Queen,Female
Rainbow,Female
Raven,Female
September,Female
Starling,Female
Willow,Female
