Acadia,Female
Aceline,Female
Agate,Female
Aime,Male
Aimee,Female
Alaine,Female
Alaire,Male
Alauda,Female
Algernon,Male
Allyriane,Female
Amadour,Male
Amber,Female
Amorette,Female
Ancelote,Female
Ansel,Male
Archer,Male
Arlette,Female
Arnett,Male
Aubin,Male
Aubrey,Female
Aubrey,Male
Auda,Female
Avenall,Male
Avril,Female
Azura,Female
Beal,Male
Beau,Male
Beaufort,Male
Beaumont,Male
Beauregard,Male
Bellamy,Male
Belle,Female
Berger,Male
Bernadette,Female
Bevis,Male
Blanche,Female
Blanchefleur,Female
Blondelle,Female
Boden,Male
Bonar,Male
Boone,Male
Boswell,Male
Boyce,Male
Briar,Female
Brie,Female
Briony,Female
Bruce,Male
Brucie,Female
Brunella,Female
Burdett,Male
Burke,Male
Burnell,Male
Burrell,Male
Canning,Male
Canon,Male
Capucine,Female
Cardell,Male
Caresse,Female
Carvell,Male
Cavell,Male
Cerise,Female
Chandler,Male
Chanel,Female
Chaney,Male
Chantal,Female
Charlotte,Female
Chase,Male
Cherie,Female
Chevalier,Male
Chimene,Female
Chislaine,Female
Christabel,Female
Cinderella,Female
Clark,Male
Colette,Female
Colville,Male
Comfort,Female
Cordell,Male
Cosette,Female
Coyan,Male
Crescent,Female
Curtis,Male
Daffodil,Female
Dalmace,Female
Danton,Male
Darcy,Male/Female
Darrell,Male
Darvell,Male
Dax,Male
Delano,Male
Delight,Female
Delmore,Male
Delroy,Male
Denise,Female
Desiree,Female
Destiny,Female
Diamanta,Female
Didier,Male
Dielle,Female
Dixie,Female
Dore,Female
Douce,Female
Drury,Male
Dureau,Male
Duval,Male
Eglantine,Female
Elaine,Female
Eleanor,Female
Eliane,Female
Eloise,Female
Emerald,Female
Ermine,Female
Esme,Male/Female
Evalina,Female
Fabrice,Male
Fabron,Male
Fanchon,Female
Farron,Male
Favor,Female
Fawn,Female
Fay,Female
Fayette,Female
Fealty,Female
Ferrand,Male
Fitz,Male
Fitzgerald,Male
Fitzhugh,Male
Fitzpatrick,Male
Fitzroy,Male
Fleur,Female
Florent,Male
Flower,Female
Fontaine,Male
Forrest,Male
Fortune,Male
Frayne,Male
Gage,Male
Garland,Male/Female
Gaston,Male
Gay,Female
Gaylord,Male
Geneva,Female
Germain,Male
Germaine,Female
Gillett,Male
Glanville,Male
Granger,Male
Grant,Male
Granville,Male
Greville,Male
Griswold,Male
Grosvenor,Male
Harcourt,Male
Harvey,Male
Helmut,Male
Ila,Female
Indre,Female
Iva,Female
Jacqueline,Female
Jewel,Female
Jolie,Female
Lacey,Female
Lacy,Male/Female
Lancelot,Male
Larrimore,Male
Leala,Female
Leggett,Male
Leroy,Male
Leverett,Male
Liana,Female
Linette,Female
Lorraine,Female
Lowell,Male
Lyle,Male
Macy,Male
Mallory,Male/Female
Manette,Female
Manville,Male
Mardi,Female
Marjolaine,Female
Marlon,Male
Marmion,Male
Marshall,Male
Martel,Male
Marvel,Female
Maslin,Male
Mason,Male
Mauve,Female
Mavis,Female
Merle,Male/Female
Merrill,Male
Mignon,Female
Montague,Male
Morell,Male
Mortimer,Male
Musette,Female
Mystique,Female
Narcisse,Male
Neville,Male
Noel,Male/Female
Norris,Male
Norville,Male
Odette,Female
Orane,Female
Orville,Male
Page,Male/Female
Pansy,Female
Parnell,Male
Parnella,Female
Parrish,Male
Pascal,Male
Pascale,Female
Patience,Female
Pauline,Female
Percival,Male
Percy,Male
Perry,Male/Female
Peverell,Male
Platt,Male
Pomeroy,Male
Prewitt,Male
Quennell,Male
Questa,Female
Quinci,Female
Quincy,Male
Quiterie,Female
Raissa,Female
Rawlins,Male
Remy,Male/Female
Rene,Male
Renee,Female
Reynard,Male
Riva,Female
Rochelle,Female
Romaine,Female
Royal,Male
Royale,Female
Ruby,Female
Ruskin,Male
Saber,Male
Sargent,Male
Satin,Female
Saville,Male
Sennett,Male
Seymour,Male
Shantal,Female
Sinclair,Male
Solange,Female
Sorrell,Male
Sydney,Male/Female
Telford,Male
Tempest,Male/Female
Tennille,Female
Tracy,Male/Female
Tyson,Male
Vachel,Male
Valerie,Female
Vardon,Male
Vere,Male
Vernon,Male
Vignette,Female
Villette,Female
Voleta,Female
Wyatt,Male
Yvette,Female
Yvonne,Female
Ames,Male
Aramis,Male
Doreen,Female
Joffre,Male
Lafayette,Male
Laron,Male
Louvain,Male
Masun,Male
Olery,Male
