Adair,Male
Ailaina,Female
Ailpean,Male
Ailsa,Female
Aine,Female
Alastair,Male
Alpin,Male
Alroy,Male
Angus,Male
Argyle,Male
Arran,Male
Athol,Male
Aulay,Male
Balfour,Male
Banner,Male
Bard,Male
Blair,Female
Bonnie,Female
Bowie,Male
Boyd,Male
Buchanan,Male
Byrne,Male
Cailean,Male
Cailin,Female
Callum,Male
Calumina,Female
Camden,Male
Cameron,Male/Female
Campbell,Male
Carmichael,Male
Ceitag,Female
Cheyne,Male
Cliamain,Male
Clyde,Male
Coiseam,Male
Cormag,Male
Craig,Male
Cumhaige,Male
Dallas,Male/Female
Dalziel,Male
Denholm,Male
Deorsa,Male
Devorgilla,Female
Dolaidh,Male
Donald,Male
Donalda,Female
Donnag,Female
Dougal,Male
Douglas,Male
Drummond,Male
Duncan,Male
Dunham,Male
Dunlop,Male
Dunmore,Male
Dunn,Male
Dwight,Male
Eairrdsidh,Male
Ealasaid,Female
Eallair,Male
Eamhair,Female
Eanraig,Male
Edmee,Female
Ennis,Male
Erskine,Male
Ervin,Male
Eubh,Female
Ewan,Male
Farquhar,Male
Forbes,Male
Fyfe,Male
Gibidh,Male
Glendon,Male
Greer,Female
Gretna,Female
Ian,Male
Innis,Male
Isla,Female
Karenza,Female
Keith,Male
Kyle,Male/Female
Lachlan,Male
Laird,Male
Leith,Male
Lennox,Male
Leslie,Male/Female
Lundy,Male
Mac,Male
Macadam,Male
Macdonald,Male
Macdougal,Male
Malamhin,Female
Malcolm,Male
Mor,Female
Moray,Male
Morna,Female
Morven,Male
Muir,Male
Mungo,Male
Murdag,Female
Murdock,Male
Murray,Male
Nairn,Male
Nairne,Female
Ninian,Male
Norval,Male
Parlan,Male
Pembroke,Male
Romilly,Male
Roslin,Male
Ross,Male
Roy,Male
Sawney,Male
Senga,Female
Seona,Female
Sholto,Male
Simidh,Male
Skye,Female
Somerled,Male
Sorley,Male
Tearlach,Male
Tormod,Male
Tremain,Male
Ula,Female
