Abelard,Male
Adalard,Male
Adalric,Male
Addula,Female
Adel,Male
Adelaide,Female
Adelar,Male
Adelinda,Female
Adeline,Female
Adima,Female
Adler,Male
Adolph,Male
Adolpha,Female
Adriane,Female
Aimery,Male
Aimon,Male
Alard,Male
Alaric,Male
Alarice,Female
Albern,Male
Albreda,Female
Alda,Female
Aldo,Male
Aldous,Male
Alfonsine,Female
Algis,Male
Alix,Female
Almarine,Female
Aloisia,Female
Alonzo,Male
Aloysius,Male
Alphonse,Male
Altman,Male
Amalida,Female
Amory,Male
Anselm,Male
Anselma,Female
Anson,Male
Archard,Male
Archibald,Male
Aric,Male
Armand,Male
Armina,Female
Arnalda,Female
Arnall,Male
Arney,Male
Arno,Male
Arnold,Male
Arvin,Male
Auberon,Male
Audric,Male
Audris,Female
Audwin,Male
Axel,Male
Axelle,Female
Baldemar,Male
Baldric,Male
Baldwin,Male
Ballard,Male
Barrett,Male
Bathilda,Female
Bera,Female
Berdine,Female
Berg,Male
Bern,Male
Bernal,Male
Bernard,Male
Bertha,Female
Berthold,Male
Bertilde,Female
Bertina,Female
Bertram,Male
Bertrand,Male
Bing,Male
Binga,Female
Blasia,Female
Bogart,Male
Booth,Male
Brunhilda,Female
Bruno,Male
Buell,Male
Caroline,Female
Charles,Male
Clarimond,Female
Clotilda,Female
Clovis,Male
Conrad,Male
Conradine,Female
Cort,Male
Dagmar,Female
Deiter,Male
Derek,Male
Didrika,Female
Druella,Female
Durbin,Male
Dustin,Male
Eberhard,Male
Edel,Male
Edeline,Female
Edwige,Female
Eginhard,Male
Elbert,Male
Eldridge,Male
Elgar,Male
Elke,Female
Ellard,Male
Elrica,Female
Emeline,Female
Emerson,Male
Emery,Male
Emma,Female
Engelbert,Male
Engelberta,Female
Erhard,Male
Erma,Female
Ethelinda,Female
Evelyn,Male/Female
Farica,Female
Felda,Female
Ferdinand,Male
Fernanda,Female
Finn,Male
Freda,Female
Frederica,Female
Frederick,Male
Fremont,Male
Fritzi,Female
Fulbright,Male
Galiena,Female
Gauthier,Male
Genevieve,Female
Gerald,Male
Geraldine,Female
Gertrude,Female
Gervase,Male
Gilbert,Male
Gilberta,Female
Giselle,Female
Goddard,Male
Godfrey,Male
Griselda,Female
Guy,Male
Hackett,Male
Hackman,Male
Halfrida,Female
Hamlet,Male
Hamlin,Male
Harbin,Male
Hardy,Male
Harriet,Female
Hartman,Male
Hedda,Female
Helga,Female
Helma,Female
Henrietta,Female
Henry,Male
Herbert,Male
Herman,Male
Herrick,Male
Hilda,Female
Hildebrand,Male
Hildegarde,Female
Hildemar,Female
Hildreth,Female
Hillard,Male
Hilliard,Male
Holda,Female
Horst,Male
Howe,Male
Hubert,Male
Huberta,Female
Huette,Female
Hugh,Male
Hulbert,Male
Hulda,Female
Humbert,Male
Humphrey,Male
Imelda,Female
Isa,Female
Ivo,Male
Jarman,Male
Jarvia,Female
Jeffrey,Male
Lamar,Male
Lambert,Male
Lenna,Female
Leoda,Female
Leonard,Male
Leonarda,Female
Leopold,Male
Leopoldine,Female
Lindberg,Male
Lorelei,Female
Loring,Male
Louis,Male
Louise,Female
Luana,Female
Ludwig,Male
Luther,Male
Magnilda,Female
Malkin,Female
Mandel,Male
Marelda,Female
Marelda,Female
Matilda,Female
Medwin,Male
Meinhard,Male
Meinrad,Male
Meta,Female
Meyer,Male
Miles,Male
Millicent,Female
Minna,Female
Nadette,Female
Napoleon,Male
Nixie,Female
Norbert,Male
Norberta,Female
Nordica,Female
Oberon,Male
Obert,Male
Odolf,Male
Ordella,Female
Othman,Male
Otthild,Female
Otto,Male
Pepin,Male
Ragnild,Female
Raina,Female
Rainart,Male
Raymond,Male
Ricarda,Female
Richard,Male
Richmond,Male
Rilla,Female
Ritter,Male
Roald,Male
Roderica,Female
Roderick,Male
Rodman,Male
Roger,Male
Roland,Male
Rolanda,Female
Romilda,Female
Rosamond,Female
Roth,Male
Rudelle,Female
Rudolph,Male
Selig,Male
Serilda,Female
Siegfried,Male
Sigfreda,Female
Sigmund,Male
Sigwald,Male
Solvig,Female
Stein,Male
Tab,Male
Terrill,Male
Theobald,Male
Theodoric,Male
Tibelda,Female
Till,Male
Truda,Female
Uda,Female
Ulbrecht,Male
Ulf,Male
Ulric,Male
Ulrica,Female
Ulva,Female
Uta,Female
Vala,Female
Valborga,Female
Valda,Female
Valdemar,Male
Varick,Male
Verena,Female
Verrill,Male
Volker,Male
Volney,Male
Wagner,Male
Walburga,Female
Walda,Female
Waldemar,Male
Waldron,Male
Walfred,Male
Walter,Male
Wanda,Female
Warda,Female
Warner,Male
Welby,Male
Wendell,Male
Werner,Male
Wilbert,Male
Wilbur,Male
Wilhelmina,Female
Willard,Male
William,Male
Wilma,Female
Wilmer,Male
Winola,Female
Wolfgang,Male
Zella,Female
Brandeis,Male
Kiefer,Male
Korb,Male
Loudon,Male
Orman,Male
Strom,Male
Sugden,Male
