Ahimeleka,Male
Ahonui,Female
Ahulani,Female
Ailani,Female
Ainakea,Female
Ainalan,Female
Akahele,Female
Akako,Female
Akamai,Female
Akamu,Male
Akaula,Female
Akela,Female
Akeliela,Male
Akiliano,Male
Akoniia,Male
Ala,Female
Alaka'i,Male
Alamea,Female
Alana,Female
Alani,Female
Alaula,Female
Alekanekelo,Male
Alekona,Male
Alema,Female
Alemana,Male
Alepana,Male
Alepeleke,Male
Aliimalu,Male
Aloha,Female
Alohalani,Female
Alohilani,Female
Aloiki,Male
Amaui,Female
Amoka,Male
Anadaria,Female
Anakale,Male
Anakoni,Male
Aneka,Female
Anekelea,Male
Anela,Female
Ani,Female
Aniani,Female
Anoi,Female
Anuenue Akua,Male
Anuhea,Female
Aolani,Female
Aonani,Female
Apekaloma,Male
Apelama,Male
Apia,Male
Apikai,Male
Apikatila,Female
Apona,Female
Atrina,Female
Auina,Female
Aukai,Male
Aukaka,Female
Aukake,Male
Aulelio,Male
Aulii,Female
Balaniki,Female
Ekana,Male
Ekeka,Male
Ekekiela,Male
Ekela,Female
Ekela,Male
Eleele,Female
Elele,Female
Elenek,Male
Eleu,Female
Elika,Female
Enakai,Female
Enoka,Male
Epelaima,Male
Epena,Male
Eukakio,Male
Eukepio,Male
Felora,Female
Hailama,Male
Hakumele,Female
Halia,Female
Halku,Female
Halola,Male
Halolani,Female
Hanauhou,Male
Hanauhoulani,Male
Haoa,Male
Haukea,Female
Haulani,Female
Haunani,Female
Hauoli,Female
Hekeka,Male
Heleuma,Male
Hemolelekeakua,Male
Heneli,Male
Hiilani,Female
Hilaua,Female
Hipakeiki,Female
Hiuwe,Male
Hiwahiwakeiki,Female
Hoaalohakupaa,Male
Hoaka,Female
Hoalohalani,Female
Hoalohanani,Female
Hoku,Male
Hokualohi,Female
Hokuao,Female
Hokuaonani,Female
Hokulani,Female
Holomakani,Female
Honekakala,Female
Hoolana,Female
Huanu,Male
Huau,Female
Hulama,Male
Huluava,Female
Iakona,Male
Ialeka,Male
Ieke,Male
Ielemia,Male
Ienipa,Female
Ikaaka,Male
Ikaia,Male
Ikaikalani,Male
Ikenaki,Male
Ilima,Female
Inoa,Female
Inokene,Male
Ioela,Male
Iokepa,Male
Iokia,Male
Iokua,Male
Ionakana,Male
Iukekini,Male
Iukini,Male
Iwalani,Female
Ja,Female
Kaaona,Female
Kahaaheo,Male
Kahaiaokaponia,Male
Kahakuokahale,Male
Kahana,Male
Kahanu,Male
Kahawai,Male
Kahekaalohi,Male
Kahelemeakua,Male
Kahoko,Female
Kahua,Male
Kai,Male
Kaihe,Male
Kailinemo,Male
Kaimaue,Female
Kaipo,Male
Kakaio,Male
Kakana,Male
Kakielekea,Female
Kakumulani,Male
Kalana,Female
Kalani,Male
Kalauka,Female
Kale,Male
Kalea,Male
Kaleo,Male
Kalepa,Male
Kalino,Male
Kamaha,Male
Kamakakoa,Male
Kamakani,Male
Kamaoku,Male
Kamea,Female
Kameli,Female
Kamoana,Female
Kana,Male
Kanai,Male
Kanani,Female
Kanehoomalu,Male
Kani,Female
Kanoa,Male
Kapalaoa,Male
Kapali,Male
Kapika,Female
Kapua,Female
Kapuala,Female
Kauila,Female
Kaula,Female
Kaulana,Male
Kaulo,Male
Kawaimomona,Female
Kawena,Female
Kawenaula,Female
Kawikani,Male
Keahi,Male
Keala,Female
Kealamauloa,Male
Kealani,Female
Kealoha,Female
Kealoha,Female
Keeaola,Female
Keiki,Female
Keilani,Female
Keka,Male
Kekoa,Male
Kekona,Female
Kelalani,Female
Keleka,Female
Kelekea,Female
Kelekouo,Male
Keletina,Female
Kelii,Male
Kelina,Female
Kemikiuo,Male
Keoanu,Male
Keoki,Male
Keola,Male/Female
Keoni,Male
Kepano,Male
Kewini,Male
Kiele,Female
Kilila,Male
Kilipeka,Male
Kilohana,Male
Kimeona,Male
Kimo,Male
Kimo,Male
Kimokeo,Male
Kina,Female
Koamalu,Male
Koi,Male
Koloe,Female
Kona,Male
Konane,Male
Konia,Female
Koukakala,Male
Kuaika,Male
Kualii,Female
Kuauli,Female
Kulamauu,Male
Kulani,Female
Kultano,Male
Kunani,Female
Kupaalani,Male
Laakea,Male
Lahahana,Male
Lahela,Female
Laionela,Male
Laka,Female
Lanakila,Female
Lani,Female
Lapaela,Male
Lehua,Female
Leilani,Female
Lekeke,Male
Leolani,Female
Leonani,Female
Lepeka,Female
Lihau,Male
Liliha,Female
Lokalia,Female
Lokapela,Female
Loke,Female
Lokela,Male
Lokemele,Female
Lono,Male
Lulani,Male
Mahina,Female
Maikai,Female
Maikalkeakua,Male
Maira,Female
Makanaakua,Male
Makani,Female
Makani,Male/Female
Mala,Female
Malana,Female
Maleko,Male
Malia,Female
Malina,Female
Maluhia,Male
Maluokeakua,Male
Mamo,Male
Mana,Female
Manaalii,Female
Manamakalii,Male
Manaoio,Female
Manaolana,Female
Mano,Male
Manu,Male
Manwalea,Female
Mapuana,Female
Maraea,Female
Marata,Female
Maratina,Female
Mataio,Male
Maui,Male
Mauli,Male
Mikilana,Female
Miliani,Female
Miliani,Female
Milimili,Female
Mirena,Female
Miulana,Female
Moana,Female
Moani,Female
Mohala,Female
Nahele,Male
Naia,Female
Nalukea,Female
Nalunani,Male
Nana,Female
Nanala,Female
Nanek,Female
Nani,Female
Napana,Male
Nemo,Male
Nihopalaoa,Male
Noelani,Female
Nohea,Male
Nohoka,Male
Okalani,Female
Okiiani,Female
Olakeakua,Male
Oliana,Female
Olina,Female
Oliwa,Male
Onaona,Male
Paahana,Male
Pakelika,Male
Palakiko,Male
Palila,Female
Paterekia,Female
Peke,Female
Pela,Female
Peleke,Male
Peuke,Male
Pililani,Female
Piluki,Female
Pineki,Female
Pomaikai,Female
Puakai,Female
Puakea,Female
Puanani,Female
Punawai,Male
Wanaao,Female
Wanaaonani,Female
Wila,Female
