Aaron,Male
Abba,Male
Abbott,Male
Abel,Male
Abelia,Female
Aviah,Male
Avichayil,Female
Avida,Male
Aviel,Male
Avigail,Female
Avijah,Female
Avimelech,Male
Abir,Male
Avira,Female
Avisha,Male
Avital,Female
Abner,Male
Abra,Female
Abraham,Male
Abram,Male
Absalom,Male
Acharon,Male
Achav,Male
Achazya,Male
Achban,Male
Acher,Male
Achida,Male
Achim,Male
Achimelech,Male
Achisar,Male
Achishar,Male
Achiya,Male
Achsah,Female
Acima,Female
Adael,Male
Adah,Female
Adaiah,Male
Adalia,Female
Adam,Male
Adar,Male/Female
Adena,Female
Aderes,Female
Adiel,Male
Adiella,Female
Adin,Male/Female
Adina,Female
Adir,Male
Adira,Female
Adiv,Male
Adlai,Female
Adlai,Male
Admon,Male
Adnah,Male
Adon,Male
Adoniah,Male
Adriel,Male
Ahab,Male
Ahava,Female
Akiva,Female
Aleeza,Female
Alei,Female
Alisa,Female
Alitz,Male
Alizah,Female
Allon,Male
Allya,Female
Alona,Female
Alpheus,Male
Alumit,Female
Alva,Male
Amana,Female
Amariah,Male
Amaris,Female
Amasa,Male
Amidah,Female
Amiel,Male
Amiela,Female
Amiram,Male
Amisa,Female
Amita,Female
Amnon,Male
Amon,Male
Amos,Male
Anaiah,Male
Anais,Female
Anina,Female
Anne,Female
Annot,Female
Aphra,Female
Arach,Male
Arda,Female
Arella,Female
Ari,Male
Ariel,Female
Ariel,Male
Arioch,Male
Ariza,Female
Arles,Male
Arlise,Female
Armon,Male
Arna,Female
Arnan,Male
Arnina,Female
Arnon,Male
Arvad,Male
Aryeh,Male
Asa,Male
Asaph,Male
Asher,Male
Ashira,Female
Asisa,Female
Astera,Female
Asya,Female
Ataiah,Male
Atara,Female
Athalia,Female
Atida,Female
Atira,Female
Atzel,Male
Avera,Female
Avi,Female
Avichayil,Female
Avidan,Male
Avidor,Male
Avikar,Male
Avinoam,Male
Avital,Male
Aviur,Male
Aviva,Female
Avtalia,Female
Aya,Female
Ayala,Female
Ayelet,Female
Az,Male
Azaria,Female
Azelia,Female
Aziza,Female
Azriela,Female
Azuba,Female
Azuriah,Male
Bachir,Male
Bachur,Male
Bakara,Female
Bakura,Female
Bara,Female
Barak,Male
Barkait,Female
Barnabas,Male
Bartholomew,Male
Baruch,Male
Basia,Female
Bat,Female
Bathia,Female
Bathsheba,Female
Batya,Female
Batzra,Female
Bebba,Female
Becher,Male
Bechira,Female
Behira,Female
Beinish,Male
Ben,Male
Bena,Female
Benaiah,Male
Benjamin,Male
Benoni,Male
Benzion,Male
Ber,Male
Berura,Female
Bethany,Female
Bethel,Male/Female
Bethesda,Female
Bethia,Female
Betuel,Female
Betulah,Female
Betzalel,Male
Beulah,Female
Bina,Female
Binyamina,Female
Bira,Female
Bithron,Female
Blima,Female
Boaz,Male
Bona,Female
Bracha,Female
Cain,Male
Caleb,Male
Carmel,Female
Carmelo,Male
Carnia,Female
Cassia,Female
Cephas,Male
Chadlai,Male
Chagiah,Male
Chaim,Male
Chalil,Male
Chamania,Female
Chananiah,Male
Chania,Female
Chanina,Female
Chanya,Female
Chashmona,Female
Chasia,Female
Chasidah,Female
Chava,Female
Chaviv,Male
Chaviva,Female
Chaviva,Female
Chazona,Female
Chedra,Female
Chemda,Female
Chenia,Female
Chizkiah,Male
Chonen,Male
Chozai,Male
Chula,Female
Chulda,Female
Cibor,Male
Cochava,Female
Cochava,Female
Dagan,Male
Dagana,Female
Dalfon,Male
Dalit,Female
Dalya,Female
Daniah,Female
Daniel,Male
Danielle,Female
Dar,Male
Dara,Female
Darda,Female
Datiah,Female
David,Male
Davida,Female
Dayan,Male
Deborah,Female
Degula,Female
Deker,Male
Delilah,Female
Delle,Female
Denae,Female
Dror,Male
Derora,Female
Devasha,Female
Dinah,Female
Dinia,Female
Dishon,Male
Divon,Male
Diza,Female
Dodie,Female
Dor,Male
Dorit,Female
Dotan,Male
Dov,Male
Dovev,Male
Dumia,Female
Dur,Male
Ebenezer,Male
Eden,Male/Female
Eder,Male
Ediah,Female
Edna,Female
Efah,Female
Efrata,Female
Efron,Male
Eglah,Female
Eifah,Male
Eilah,Female
Eilam,Male
Eker,Male
Elam,Male
Elama,Female
Elchanan,Male
Eleazar,Male
Eli,Male
Elihu,Male
Elijah,Male
Eliora,Female
Eliot,Male
Elisha,Male
Elisheva,Female
Elizabeth,Female
Elkana,Female
Elkanah,Male
Emek,Male
Emmanuel,Male
Emuna,Female
Enoch,Male
Enosh,Male
Ephraim,Male
Erel,Male
Erela,Female
Erlinda,Female
Esau,Male
Etana,Female
Ethan,Male
Eve,Female
Ezekiel,Male
Ezra,Male
Ezrela,Female
Feige,Female
Feivel,Male
Gabriel,Male
Gabrielle,Female
Gada,Female
Gafna,Female
Gali,Female
Galya,Female
Gamaliel,Male
Ganit,Female
Ganya,Female
Gavrilla,Female
Gayora,Female
Gazit,Female
Gedaliah,Male
Geela,Female
Gefaniah,Male
Gefen,Female
Gelilah,Female
Genesis,Female
Geona,Female
Gershom,Male
Gerushah,Female
Geshem,Male
Geva,Female
Gevariah,Male
Gevirah,Female
Gibor,Male
Giborah,Female
Gideon,Male
Giladah,Female
Gilam,Male
Gilana,Female
Giliah,Female
Gilon,Male
Ginton,Male
Gisa,Female
Gitel,Female
Givola,Female
Givon,Male
Goliath,Male
Gozal,Male
Gozala,Female
Gurice,Female
Guryon,Male
Hadara,Female
Hadassah,Female
Hadriel,Male
Hagar,Female
Hagia,Female
Ham,Male
Hania,Female
Hannah,Female
Harel,Male
Haskel,Male
Haviva,Female
Heber,Male
Hediah,Female
Hepzibah,Female
Hershel,Male
Hevel,Male
Hezekiah,Male
Hillel,Male
Hinda,Female
Hiram,Male
Hod,Male
Hosea,Male
Ichabod,Male
Idra,Female
Idriya,Female
Ikia,Female
Ilana,Female
Ira,Male
Isaac,Male
Isaiah,Male
Ishmael,Male
Ismaela,Female
Israel,Male
Itiah,Female
Ivria,Female
Jabez,Male
Jabin,Male
Jacan,Male
Jack,Male
Jacob,Male
Jadon,Male
Jael,Male/Female
Jafit,Female
Jairus,Male
Jamin,Male
Janae,Female
Jane,Female
Japheth,Male
Jarah,Male
Jardena,Female
Jareb,Male
Jared,Male
Jason,Male
Jedidiah,Male
Jemima,Female
Jeremiah,Male
Jeriah,Male
Jerusha,Female
Jesse,Male
Jessica,Female
Jesus,Male
Jethro,Male
Jezebel,Female
Joab,Male
Joachim,Male
Joakima,Female
Job,Male
Jobina,Female
Joed,Male
Joel,Male
Joelle,Female
John,Male
Jonah,Male
Jonathan,Male
Jorah,Male
Joram,Male
Jordan,Male/Female
Joseph,Male
Josephine,Female
Joshua,Male
Josiah,Male
Jotham,Male
Jubal,Male
Judah,Male
Judith,Female
Kadiah,Female
Kama,Female
Kaniel,Male
Katriel,Female
Kayam,Male
Kedem,Male
Kefir,Male
Kelaya,Male
Kelila,Female
Kerem,Female
Kerem,Male
Keren,Female
Keshet,Female
Kessem,Female
Ketina,Female
Keturah,Female
Ketzia,Female
Kezia,Female
Kinneret,Female
Kiriah,Female
Kitra,Female
Kolaiah,Male
Koren,Male
Koresh,Male
Kuper,Male
Kyla,Female
Laban,Male
Ladan,Male
Lael,Male
Lapidos,Male
Lavan,Male
Lazarus,Male
Leah,Female
Leben,Male
Ledah,Female
Leeba,Female
Leibel,Male
Lemuel,Male
Lemuela,Female
Lior,Male
Liron,Male
Levi,Male
Levona,Female
Lewanna,Female
Lia,Female
Libe,Female
Linit,Female
Lirit,Female
Lisa,Female
Liviya,Female
Livona,Female
Lot,Male
Maaseiya,Male
Maayan,Female
Maccabee,Male
Machir,Male
Mahala,Female
Mahira,Female
Makeda,Female
Malachi,Male
Malka,Female
Malkosha,Female
Maluch,Male
Mangena,Female
Manoach,Male
Maon,Male
Maoz,Male
Mara,Female
Maresha,Male
Marganit,Female
Margea,Female
Marni,Female
Marona,Female
Mary,Female
Mataniah,Male
Matok,Male
Mattan,Male
Mattea,Female
Matthew,Male
Mazal,Female
Mazhira,Female
Mechola,Female
Mehitabel,Female
Meira,Female
Meirona,Female
Melech,Male
Menachem,Male
Menashe,Male
Mendel,Male
Menora,Female
Merab,Female
Merav,Female
Mered,Male
Merima,Female
Meshach,Male
Michael,Male
Michaela,Female
Milcah,Female
Mili,Female
Mirella,Female
Miriam,Female
Moran,Male
Morasha,Female
Mordecai,Male
Mori,Male
Moriah,Female
Moselle,Female
Moses,Male
Naamah,Female
Naarah,Female
Naavah,Female
Nachman,Male
Nadir,Male
Nadyan,Female
Nafshiya,Female
Nagid,Male
Nagida,Female
Nahara,Female
Nahor,Male
Nanvah,Female
Naomi,Female
Napthali,Male
Nasya,Female
Nathan,Male
Nathania,Female
Nathaniel,Male
Nechama,Female
Nechona,Female
Nedaviah,Male/Female
Nehemiah,Male
Nemera,Female
Nera,Female
Nesiah,Female
Netaniah,Male
Netia,Female
Neviah,Female
Nili,Male
Nimrod,Male
Niram,Male
Nirel,Female
Nissa,Female
Nissim,Male
Niva,Female
Nizana,Female
Noadiah,Male
Noah,Male
Noam,Male
Noga,Female
Noy,Male
Nuria,Female
Nurit,Female
Obadiah,Male
Odeda,Female
Odelia,Female
Odera,Female
Odiya,Female
Ohela,Female
Omri,Male
Ophira,Female
Oralee,Female
Oren,Male
Orev,Male
Ornice,Female
Oron,Male
Orpah,Female
Oshea,Male
Othniel,Male
Oved,Male
Oved,Male
Oz,Male
Ozera,Female
Ozni,Male
Ozora,Female
Pagiel,Male
Pazia,Female
Pedahel,Male
Pedat,Male
Peninah,Female
Peniniya,Female
Perach,Male
Perachiah,Male
Peretz,Male
Pesach,Male
Phineas,Male
Pinchas,Male
Raamah,Male
Raanan,Male
Raanana,Female
Rachav,Female
Rachel,Female
Rachim,Male
Rafya,Female
Ronit,Female
Ran,Male
Ranita,Female
Raphael,Male
Raphaela,Female
Raviv,Male
Raviya,Male
Razi,Female
Raziah,Female
Rebecca,Female
Reichana,Female
Remaziah,Female
Rena,Female
Resheph,Male
Reuben,Male
Reuel,Male
Reuma,Female
Revaya,Female
Rimon,Male
Rimona,Female
Rishon,Male
Ritzpah,Female
Rivai,Male
Rivka,Female
Ronel,Male
Ronela,Female
Roni,Male
Rozen,Male
Ruth,Female
Saad,Male
Sabra,Female
Salida,Female
Salome,Female
Salu,Male
Samala,Female
Samantha,Female
Samara,Female
Sami,Male
Samson,Male
Samuel,Male
Samuela,Female
Sansana,Female
Sarah,Female
Sasona,Female
Saul,Male
Seema,Female
Selah,Male
Selima,Female
Semeicha,Female
Semiramis,Female
Serach,Female
Seraphim,Male
Seraphina,Female
Seth,Male
Shaanan,Male
Shaanana,Female
Shachar,Male
Shachariya,Female
Shachor,Male
Shadrach,Male
Shafan,Male
Shai,Male
Shaina,Female
Shalev,Male
Shalom,Male
Shalva,Female
Shamir,Male
Shammai,Male
Shapira,Female
Sharon,Female
Shawn,Female
Sheba,Female
Shefer,Male
Sheina,Female
Shekeda,Female
Shelavya,Female
Sheliya,Female
Shem,Male
Shera,Female
Sheva,Female
Shevi,Male
Shifa,Female
Shifra,Female
Shillem,Male
Shilo,Female
Shilra,Female
Shimon,Male
Shimona,Female
Shimri,Male
Shimriah,Female
Shimron,Male
Shimson,Male
Shiri,Female
Shlomo,Male
Shomer,Male
Shomera,Female
Shoni,Male
Shoshana,Female
Shovai,Male
Shuala,Female
Shulamith,Female
Sima,Female
Simcha,Female
Simon,Male
Simone,Female
Sivan,Female
Sivana,Female
Solomon,Male
Soreka,Female
Susan,Female
Tabbai,Male
Tal,Male
Talal,Female
Talia,Female
Talmai,Male
Talman,Male
Talor,Male
Talya,Female
Tamah,Female
Tamara,Female
Tavas,Male
Tavi,Male
Tavor,Male
Teman,Male
Temira,Female
Tenuvah,Female
Tesher,Male
Teshuah,Female
Teva,Male
Thirza,Female
Thomasina,Female
Tifara,Female
Tilon,Male
Timur,Male
Tira,Female
Tivon,Male
Tivona,Female
Tobias,Male
Toby,Male/Female
Tomer,Male
Tov,Male
Tovah,Female
Tsifira,Female
Tzach,Male
Tzadika,Female
Tzafra,Female
Tzahala,Female
Tzeira,Female
Tzemicha,Female
Tzeviya,Female
Tzila,Female
Tzina,Female
Tzipiya,Female
Tziyona,Female
Tzofi,Female
Tzuriya,Female
Udiya,Female
Uriah,Male
Uriel,Male
Urit,Female
Ushriya,Female
Uziel,Male
Varda,Female
Vered,Male
Vida,Female
Yaakov,Male
Yaar,Male
Yaara,Female
Yachne,Female
Yadid,Male
Yaffa,Female
Yair,Male
Yakira,Female
Yamin,Male
Yana,Male
Yanoach,Male
Yaphet,Male
Yardeniya,Female
Yarin,Male
Yarkona,Female
Yechezkel,Male
Yehudi,Male
Yehudit,Female
Yemina,Female
Yeshara,Female
Yitro,Male
Yochanan,Male
Yocheved,Female
Yonatan,Male
Yonina,Female
Yosha,Male
Yovela,Female
Yuval,Male
Zaccheus,Male
Zachariah,Male
Zadok,Male
Zahara,Female
Zahava,Female
Zaide,Male
Zainab,Female
Zakai,Male
Zalman,Male
Zamir,Male
Zan,Male
Zara,Female
Zared,Male
Zavad,Male
Zayit,Female
Zaza,Female
Zebadiah,Male
Zebulon,Male
Zedekiah,Male
Zehara,Female
Zemira,Female
Zemorah,Female
Zenana,Female
Zenda,Female
Zephaniah,Male
Zera,Female
Zerem,Male
Zetta,Female
Zevida,Female
Zilla,Female
Zilpha,Female
Zimriah,Female
Zippora,Female
Zirah,Female
Ziv,Male
Ziva,Female
Zoheret,Female
Zulema,Female
Zuriel,Male
