Ai,Female
Aiko,Female
Aiko,Female
Akahana,Female
Akasuki,Female
Akemi,Male
Akeno,Male
Aki,Female
Akihiko,Male
Akihito,Male
Akiko,Female
Akima,Female
Amaya,Female
Anda,Female
Aneko,Female
Anzu,Female
Aoi,Female
Asa,Female
Ayako,Female
Ayameko,Female
Ayumi,Female
Azami,Female
Bachiko,Female
Benjiro,Male
Benjiro,Male
Bishamon,Male
Botan,Male
Chidori,Female
Chika,Female
Chiyo,Female
Chizu,Female
Cho,Female
Chokichi,Male
Dai,Male/Female
Danno,Male
Ebisu,Male
Eriko,Female
Etsu,Female
Fuji,Female
Fuyu,Female
Gen,Female
Gin,Female
Gohachiro,Male
Goro,Male
Hachiuma,Male
Hama,Female
Hana,Female
Haro,Male
Haru,Female
Harue,Male
Hatsu,Female
Haya,Female
Hikari,Female
Hide,Female
Hideaki,Male
Hideo,Male
Hirohito,Male
Hiroko,Female
Hiromasa,Male
Hiroshi,Male
Hisa,Female
Hisano,Female
Hisoka,Male
Hitoshi,Male
Hoshi,Female
Hosyu,Male
Huyu,Male
Ichiro,Male
Iku,Female
Ima,Female
Isamu,Female
Isas,Male
Ishi,Female
Isi,Male
Isoroku,Male
Ito,Female
Iwa,Female
Jin,Female
Jiro,Male
Joji,Male
Jomei,Male
Jomei,Male
Kado,Male
Kaemon,Male
Kagami,Female
Kai,Female
Kame,Female
Kamenosuke,Male
Kami,Female
Kaminari,Female
Kane,Female
Kaneru,Female
Kanji,Male
Kannon,Male
Kaori,Male
Kaoru,Female
Katsu,Female
Katsuoshi,Male
Kaya,Female
Kazu,Female
Kazuo,Male
Kei,Female
Keiji,Male
Keiko,Female
Keitaro,Male
Ken,Male
Kenji,Male
Kenjiro,Male
Kentaro,Male
Kichi,Female
Kiku,Female
Kimi,Female
Kimiko,Female
Kin,Male
Kinu,Female
Kioko,Female
Kishi,Female
Kita,Female
Kiwa,Female
Kiyo,Female
Kiyoshi,Male
Ko,Female
Koemi,Female
Kohana,Female
Koji,Male
Koko,Female
Koma,Female
Kome,Female
Komoku,Male
Koneko,Female
Koto,Female
Kukiko,Female
Kuma,Female
Kumakichi,Male
Kumiko,Female
Kuni,Female
Kuri,Female
Kyoko,Female
Leiko,Female
Machi,Female
Machiko,Female
Maeiko,Female
Maeko,Female
Maemi,Female
Makoto,Male
Manzo,Male
Mareo,Male
Mari,Female
Mariko,Female
Marise,Female
Masa,Female
Masago,Female
Masahiro,Male
Masao,Male
Masato,Male
Matsuko,Female
Meiko,Female
Michie,Female
Michiko,Female
Michio,Male
Michiro,Male
Midori,Female
Mieko,Female
Mika,Female
Miki,Female
Mikio,Male
Mikka,Female
Minako,Female
Minami,Female
Mine,Female
Minoru,Male
Mio,Female
Misao,Female
Misoka,Female
Mitsu,Female
Miwa,Female
Miya,Female
Miyo,Female
Miyuki,Female
Mizuko,Female
Mlo,Female
Montaro,Male
Mori,Female
Morie,Female
Moto,Female
Muika,Female
Mura,Female
Murasaki,Female
Nagataka,Male
Nako,Male
Nami,Female
Nao,Female
Naoko,Male
Nara,Female
Nari,Female
Nariko,Female
Natsu,Female
Noriko,Female
Ogano,Male
Ohara,Male/Female
Oki,Female
Orino,Female
Osen,Female
Ozuru,Male
Rai,Male
Raiden,Male
Raiko,Female
Raku,Female
Rei,Male
Reiko,Female
Ren,Female
Renjiro,Male
Riku,Female
Rin,Female
Ringo,Male
Rinji,Male
Roka,Male
Rokuko,Female
Rui,Female
Ruri,Female
Saburo,Male
Sachiko,Female
Sachio,Male
Sada,Female
Sakae,Female
Saki,Female
Sakura,Female
Samaru,Male
Sanjiro,Male
Sasa,Female
Sato,Female
Sawa,Female
Sayo,Female
Seiji,Male
Seiko,Female
Seki,Female
Sen,Male
Setsu,Female
Shika,Female
Shina,Female
Shino,Female
Shirae,Female
Shiro,Male
Shizu,Female
Shoda,Male
Shuzo,Male
Sugi,Female
Sumi,Female
Sumiko,Female
Suzu,Female
Suzuki,Female
Suzuko,Female
Suzume,Female
Tadao,Male
Tadashi,Male
Taizo,Male
Taji,Male
Taka,Female
Takara,Female
Takeko,Female
Takeo,Male
Takeshi,Male
Taki,Female
Tama,Female
Tamaki,Female
Tameko,Female
Tami,Female
Tamika,Female
Tamiko,Female
Tanaka,Female
Tane,Female
Tani,Male/Female
Tanjiro,Male
Taree,Female
Taro,Male
Tatsu,Female
Taya,Female
Tazu,Female
Teiji,Male
Teijo,Male
Tera,Female
Tetsu,Female
Tobikuma,Male
Toki,Female
Tokiwa,Female
Tokutaro,Male
Tomi,Male
Tomiko,Female
Tomo,Female
Tooka,Female
Tora,Female
Torao,Male
Tori,Female
Torio,Male
Toru,Male
Toshi,Female
Toshio,Male
Toshiro,Male
Toshishiro,Male
Tsuhgi,Female
Tsuruko,Female
Tuki,Female
Ume,Female
Umiko,Female
Uta,Female
Washi,Female
Yachi,Female
Yaki,Female
Yasahiro,Male
Yasu,Female
Yasuo,Male
Yemon,Male
Yen,Male
Yoi,Female
Yokkako,Female
Yoko,Female
Yori,Female
Yoshe,Female
Yoshi,Male
Yoshiko,Female
Yoshino,Female
Yuki,Female
Yukiko,Male
Yumiko,Female
Yuriko,Female
Zinan,Male
