Am,Female
An,Male/Female
An Toan,Male
Bay,Male
Bian,Female
Bich,Female
Binh,Male
Bu,Male
Bua,Female
Cadao,Male
Cai,Female
Can,Male
Chan,Male
Chau,Female
Chau,Male
Chim,Male
Chong Duy,Male
Dan,Male
Diet,Female
Dieu Hien,Male
Dieu-Kiem,Female
Din,Male
Dinh,Male
Dinh Hoa,Male
Du,Male
Duc,Male
Duck-Hwan,Male
Duck-Young,Male
Duoc,Male
Ha,Female
Hahn,Female
Hai,Male
Hang,Female
Hao Ngoc,Male
Hau,Male
Hien,Male
Hieu,Male
Hoa,Male/Female
Hoang,Male
Hoc,Male
Hong,Female
Hue,Female
Hung,Male
Huong,Female
Huy,Male
Huynh,Female
Hy,Male
Khang,Male
Khuong,Male
Kieu,Female
Kim,Male
Kim Hu,Male
Lan,Female
Lap,Male
Le,Female
Liem,Male
Long,Male
Luan,Female
Luong,Male
Mai,Female
Mai Ly,Female
Man,Male
Mieu,Female
Minh,Male
Moc Van,Male
My,Female
My Khanh,Female
Nam,Male
Ngai,Male
Nghi,Male
Nghia,Male
Ngoc Ahn,Male
Ngu,Female
Nguyet,Female
Nien,Male
Nu,Female
Phuoc,Male
Pin,Male
Quan Van,Male
Quang Thieu,Male
Sahn,Male
So,Male
Son,Male
Tai,Male
Tam,Male
Tan,Male
Tang Thuy,Male
Tanh,Male
Tao,Female
Tet,Male
Thai,Male
Thang,Male
Thanh,Male
Thao,Female
The,Female
Thi,Female
Tho,Male
Thong,Male
Thu,Male/Female
Thuc,Male
Thuong,Male
Thuy,Male
Tin,Male
Tong,Male
Trai,Male
Trang,Female
Trinh,Female
Truc,Female
Tu,Male
Tuan,Male
Tung,Male
Tuong,Male
Tuyen,Male/Female
Tuyet,Female
Ut,Female
Van,Male
Viet,Male
Vinh,Female
Vui,Male
Xuan,Female
